[
    {
      "Region": "US",
      "DatacenterPrefix": "",
      "CnCURLs": [
        "https://winatp-gw-cus.microsoft.com/commands/test",
        "https://winatp-gw-eus.microsoft.com/commands/test",
        "https://winatp-gw-cus3.microsoft.com/commands/test",
        "https://winatp-gw-eus3.microsoft.com/commands/test"
      ],
      "CyberDataURLs": [
        "https://us.vortex-win.data.microsoft.com/ping",
        "https://us-v20.events.data.microsoft.com/ping"
      ],
      "AutoIRBlobs": [ 
        "https://automatedirstrprdcus.blob.core.windows.net	NoPinning",
        "https://automatedirstrprdeus.blob.core.windows.net	NoPinning",
        "https://automatedirstrprdcus3.blob.core.windows.net	NoPinning",
        "https://automatedirstrprdeus3.blob.core.windows.net	NoPinning" ],
      "MdeConfigMgr": [
        "https://discovery.dm.microsoft.com/enrollmentConfiguration	NoPinning",
        "https://enrollment.dm.microsoft.com	NoPinning",
        "https://checkin.dm.microsoft.com	NoPinning" ],
      "SampleUploadBlobs": [
        "https://ussus1eastprod.blob.core.windows.net	NoPinning",
        "https://ussus1westprod.blob.core.windows.net	NoPinning",
        "https://ussus2eastprod.blob.core.windows.net	NoPinning",
        "https://ussus2westprod.blob.core.windows.net	NoPinning",
        "https://ussus3eastprod.blob.core.windows.net	NoPinning",
        "https://ussus3westprod.blob.core.windows.net	NoPinning",
        "https://ussus4eastprod.blob.core.windows.net	NoPinning",
        "https://ussus4westprod.blob.core.windows.net	NoPinning",
        "https://wsus1eastprod.blob.core.windows.net	NoPinning",
        "https://wsus1westprod.blob.core.windows.net	NoPinning",
        "https://wsus2eastprod.blob.core.windows.net	NoPinning",
        "https://wsus2westprod.blob.core.windows.net	NoPinning"
      ]
    },
    {
      "Region": "GW_US",
      "DatacenterPrefix": "",
      "CnCURLs": [
        "https://edr-cus-us.endpoint.security.microsoft.com/edr/commands/test",
        "https://edr-eus-us.endpoint.security.microsoft.com/edr/commands/test",
        "https://edr-eus3-us.endpoint.security.microsoft.com/edr/commands/test",
        "https://mdav-us.endpoint.security.microsoft.com/mdav/wdcp.svc/heartbeat",
        "https://edr-cus.us.endpoint.security.microsoft.com/edr/commands/test",
        "https://edr-eus.us.endpoint.security.microsoft.com/edr/commands/test",
        "https://edr-cus3.us.endpoint.security.microsoft.com/edr/commands/test",
        "https://edr-eus3.us.endpoint.security.microsoft.com/edr/commands/test",
        "https://mdav.us.endpoint.security.microsoft.com/mdav/wdcp.svc/heartbeat"
      ],
      "CyberDataURLs": [ 
        "https://us-v20.events.endpoint.security.microsoft.com/ping" ],
      "AutoIRBlobs": [
        "https://edr-cus.us.endpoint.security.microsoft.com/storage/automatedirstrprdcus/	NoPinning",
        "https://edr-eus.us.endpoint.security.microsoft.com/storage/automatedirstrprdeus/	NoPinning",
        "https://edr-cus3.us.endpoint.security.microsoft.com/storage/automatedirstrprdcus/	NoPinning",
        "https://edr-eus3.us.endpoint.security.microsoft.com/storage/automatedirstrprdeus3/	NoPinning"
      ],
      "MdeConfigMgr": [ 
        "https://discovery.dm.microsoft.com/enrollmentConfiguration	NoPinning",
        "https://enrollment.dm.microsoft.com	NoPinning",
        "https://checkin.dm.microsoft.com	NoPinning" ],
      "SampleUploadBlobs": [
        "https://edr-cus.us.endpoint.security.microsoft.com/storage/ussus1eastprod/	NoPinning",
        "https://edr-cus.us.endpoint.security.microsoft.com/storage/ussus1westprod/	NoPinning",
        "https://edr-cus.us.endpoint.security.microsoft.com/storage/ussus2eastprod/	NoPinning",
        "https://edr-cus.us.endpoint.security.microsoft.com/storage/ussus2westprod/	NoPinning",
        "https://edr-cus.us.endpoint.security.microsoft.com/storage/ussus3eastprod/	NoPinning",
        "https://edr-cus.us.endpoint.security.microsoft.com/storage/ussus3westprod/	NoPinning",
        "https://edr-cus.us.endpoint.security.microsoft.com/storage/ussus4eastprod/	NoPinning",
        "https://edr-cus.us.endpoint.security.microsoft.com/storage/ussus4westprod/	NoPinning",
        "https://edr-cus.us.endpoint.security.microsoft.com/storage/wsus1eastprod/	NoPinning",
        "https://edr-cus.us.endpoint.security.microsoft.com/storage/wsus1westprod/	NoPinning",
        "https://edr-cus.us.endpoint.security.microsoft.com/storage/wsus2eastprod/	NoPinning",
        "https://edr-cus.us.endpoint.security.microsoft.com/storage/wsus2westprod/	NoPinning"
      ]
    },
    {
      "Region": "US",
      "DatacenterPrefix": "CanaryEastUs2",
      "CnCURLs": [ "https://winatp-gw-cane.microsoft.com/commands/test" ],
      "CyberDataURLs": [],
      "AutoIRBlobs": [ "https://automatedirstrprdcane.blob.core.windows.net	NoPinning" ],
      "MdeConfigMgr": [],
      "SampleUploadBlobs": []
    },
    {
      "Region": "GW_US",
      "DatacenterPrefix": "CanaryEastUs2",
      "CnCURLs": [ 
        "https://edr-cane-can.endpoint.security.microsoft.com/edr/commands/test",
        "https://edr-cane.can.endpoint.security.microsoft.com/edr/commands/test"
       ],
      "CyberDataURLs": [],
      "AutoIRBlobs": [ "https://edr-cane.can.endpoint.security.microsoft.com/storage/automatedirstrprdcane/	NoPinning" ],
      "MdeConfigMgr": [],
      "SampleUploadBlobs": []
    },
    {
      "Region": "US",
      "DatacenterPrefix": "CanaryCentralUs",
      "CnCURLs": [ "https://winatp-gw-canc.microsoft.com/commands/test" ],
      "CyberDataURLs": [],
      "AutoIRBlobs": [ "https://automatedirstrprdcanc.blob.core.windows.net	NoPinning" ],
      "MdeConfigMgr": [],
      "SampleUploadBlobs": []
    },
    {
      "Region": "GW_US",
      "DatacenterPrefix": "CanaryCentralUs",
      "CnCURLs": [ 
        "https://edr-canc-can.endpoint.security.microsoft.com/edr/commands/test",
        "https://edr-canc.can.endpoint.security.microsoft.com/edr/commands/test"
       ],
      "CyberDataURLs": [],
      "AutoIRBlobs": [ "https://edr-canc.can.endpoint.security.microsoft.com/storage/automatedirstrprdcanc/	NoPinning" ],
      "MdeConfigMgr": [],
      "SampleUploadBlobs": []
    },
    {
      "Region": "EU",
      "DatacenterPrefix": "",
      "CnCURLs": [ 
        "https://winatp-gw-weu.microsoft.com/commands/test", 
        "https://winatp-gw-neu.microsoft.com/commands/test", 
        "https://winatp-gw-weu3.microsoft.com/commands/test", 
        "https://winatp-gw-neu3.microsoft.com/commands/test" ],
      "CyberDataURLs": [ 
        "https://eu.vortex-win.data.microsoft.com/ping", 
        "https://eu-v20.events.data.microsoft.com/ping" ],
      "AutoIRBlobs": [ 
        "https://automatedirstrprdweu.blob.core.windows.net	NoPinning", 
        "https://automatedirstrprdneu.blob.core.windows.net	NoPinning" ],
      "MdeConfigMgr": [ 
        "https://discovery.dm.microsoft.com/enrollmentConfiguration	NoPinning", 
        "https://enrollment.dm.microsoft.com	NoPinning", 
        "https://checkin.dm.microsoft.com	NoPinning" ],
      "SampleUploadBlobs": [ 
        "https://usseu1northprod.blob.core.windows.net	NoPinning", 
        "https://usseu1westprod.blob.core.windows.net	NoPinning", 
        "https://wseu1northprod.blob.core.windows.net	NoPinning", 
        "https://wseu1westprod.blob.core.windows.net	NoPinning" ]
    },
    {
      "Region": "GW_EU",
      "DatacenterPrefix": "",
      "CnCURLs": [
        "https://edr-weu-eu.endpoint.security.microsoft.com/edr/commands/test",
        "https://edr-neu-eu.endpoint.security.microsoft.com/edr/commands/test",
        "https://mdav-eu.endpoint.security.microsoft.com/mdav/wdcp.svc/heartbeat",
        "https://edr-weu.eu.endpoint.security.microsoft.com/edr/commands/test",
        "https://edr-neu.eu.endpoint.security.microsoft.com/edr/commands/test",
        "https://edr-weu3.eu.endpoint.security.microsoft.com/edr/commands/test",
        "https://edr-neu3.eu.endpoint.security.microsoft.com/edr/commands/test",
        "https://mdav.eu.endpoint.security.microsoft.com/mdav/wdcp.svc/heartbeat"
      ],
      "CyberDataURLs": [ 
        "https://eu-v20.events.endpoint.security.microsoft.com/ping" ],
      "AutoIRBlobs": [
        "https://edr-weu.eu.endpoint.security.microsoft.com/storage/automatedirstrprdweu/	NoPinning",
        "https://edr-neu.eu.endpoint.security.microsoft.com/storage/automatedirstrprdneu/	NoPinning"
      ],
      "MdeConfigMgr": [ 
        "https://discovery.dm.microsoft.com/enrollmentConfiguration	NoPinning", 
        "https://enrollment.dm.microsoft.com	NoPinning", 
        "https://checkin.dm.microsoft.com	NoPinning" ],
      "SampleUploadBlobs": [
        "https://edr-weu.eu.endpoint.security.microsoft.com/storage/usseu1northprod/	NoPinning",
        "https://edr-weu.eu.endpoint.security.microsoft.com/storage/usseu1westprod/	NoPinning",
        "https://edr-weu.eu.endpoint.security.microsoft.com/storage/wseu1northprod/	NoPinning",
        "https://edr-weu.eu.endpoint.security.microsoft.com/storage/wseu1westprod/	NoPinning"
      ]
    },
    {
      "Region": "UK",
      "DatacenterPrefix": "",
      "CnCURLs": [ 
        "https://winatp-gw-uks.microsoft.com/commands/test", 
        "https://winatp-gw-ukw.microsoft.com/commands/test" ],
      "CyberDataURLs": [ 
        "https://uk.vortex-win.data.microsoft.com/ping", 
        "https://uk-v20.events.data.microsoft.com/ping" ],
      "AutoIRBlobs": [ 
        "https://automatedirstrprduks.blob.core.windows.net	NoPinning", 
        "https://automatedirstrprdukw.blob.core.windows.net	NoPinning" ],
      "MdeConfigMgr": [ 
        "https://discovery.dm.microsoft.com/enrollmentConfiguration	NoPinning", 
        "https://enrollment.dm.microsoft.com	NoPinning", 
        "https://checkin.dm.microsoft.com	NoPinning" ],
      "SampleUploadBlobs": [ 
        "https://ussuk1southprod.blob.core.windows.net	NoPinning", 
        "https://ussuk1westprod.blob.core.windows.net	NoPinning", 
        "https://wsuk1southprod.blob.core.windows.net	NoPinning", 
        "https://wsuk1westprod.blob.core.windows.net	NoPinning" ]
    },
    {
      "Region": "GW_UK",
      "DatacenterPrefix": "",
      "CnCURLs": [
        "https://edr-uks-uk.endpoint.security.microsoft.com/edr/commands/test",
        "https://edr-ukw-uk.endpoint.security.microsoft.com/edr/commands/test",
        "https://mdav-uk.endpoint.security.microsoft.com/mdav/wdcp.svc/heartbeat",
        "https://edr-uks.uk.endpoint.security.microsoft.com/edr/commands/test",
        "https://edr-ukw.uk.endpoint.security.microsoft.com/edr/commands/test",
        "https://mdav.uk.endpoint.security.microsoft.com/mdav/wdcp.svc/heartbeat"
      ],
      "CyberDataURLs": [ 
        "https://uk-v20.events.endpoint.security.microsoft.com/ping" ],
      "AutoIRBlobs": [
        "https://edr-uks.uk.endpoint.security.microsoft.com/storage/automatedirstrprduks/	NoPinning",
        "https://edr-ukw.uk.endpoint.security.microsoft.com/storage/automatedirstrprdukw/	NoPinning"
      ],
      "MdeConfigMgr": [ 
        "https://discovery.dm.microsoft.com/enrollmentConfiguration	NoPinning", 
        "https://enrollment.dm.microsoft.com	NoPinning", 
        "https://checkin.dm.microsoft.com	NoPinning" ],
      "SampleUploadBlobs": [
        "https://edr-uks.uk.endpoint.security.microsoft.com/storage/ussuk1southprod/	NoPinning",
        "https://edr-uks.uk.endpoint.security.microsoft.com/storage/ussuk1westprod/	NoPinning",
        "https://edr-uks.uk.endpoint.security.microsoft.com/storage/wsuk1southprod/	NoPinning",
        "https://edr-uks.uk.endpoint.security.microsoft.com/storage/wsuk1westprod/	NoPinning"
      ]
    },
    {
      "Region": "AU",
      "DatacenterPrefix": "",
      "CnCURLs": ["https://winatp-gw-aus.microsoft.com/commands/test"],
      "CyberDataURLs": ["https://au-v20.events.data.microsoft.com/ping"],
      "AutoIRBlobs": ["https://automatedirstrprdaus.blob.core.windows.net	NoPinning"],
      "MdeConfigMgr": [
        "https://discovery.dm.microsoft.com/enrollmentConfiguration	NoPinning", 
        "https://enrollment.dm.microsoft.com	NoPinning", 
        "https://checkin.dm.microsoft.com	NoPinning"],
      "SampleUploadBlobs": [
        "https://ussau1eastprod.blob.core.windows.net	NoPinning", 
        "https://ussau1southeastprod.blob.core.windows.net	NoPinning"]
    },
    {
      "Region": "GW_AU",
      "DatacenterPrefix": "",
      "CnCURLs": [
        "https://edr-aus.au.endpoint.security.microsoft.com/commands/test",
        "https://mdav.au.endpoint.security.microsoft.com/mdav/wdcp.svc/heartbeat"
      ],
      "CyberDataURLs": ["https://au-v20.events.endpoint.security.microsoft.com/ping"],
      "AutoIRBlobs": ["https://edr-aus.au.endpoint.security.microsoft.com/storage/automatedirstrprdaus/	NoPinning"],
      "MdeConfigMgr": [
        "https://discovery.dm.microsoft.com/enrollmentConfiguration	NoPinning", 
        "https://enrollment.dm.microsoft.com	NoPinning", 
        "https://checkin.dm.microsoft.com	NoPinning"],
      "SampleUploadBlobs": [
        "https://edr-aus.au.endpoint.security.microsoft.com/storage/ussau1eastprod/	NoPinning", 
        "https://edr-aus.au.endpoint.security.microsoft.com/storage/ussau1southeastprod/	NoPinning"
      ]
    },
    {
      "Region": "FFL4",
      "DatacenterPrefix": "UsGov",
      "CnCURLs": [ 
        "https://winatp-gw-usgv.microsoft.com/commands/test", 
        "https://winatp-gw-usgt.microsoft.com/commands/test" ],
      "CyberDataURLs": [ "https://us4-v20.events.data.microsoft.com/ping" ],
      "AutoIRBlobs": [ 
        "https://automatedirstrffusgv.blob.core.usgovcloudapi.net	NoPinning", 
        "https://automatedirstrffusgt.blob.core.usgovcloudapi.net	NoPinning" ],
      "MdeConfigMgr": [],
      "SampleUploadBlobs": []
    },
    {
      "Region": "FFL4Mod",
      "DatacenterPrefix": "UsMod",
      "CnCURLs": [ 
        "https://winatp-gw-usmt.microsoft.com/commands/test", 
        "https://winatp-gw-usmv.microsoft.com/commands/test" ],
      "CyberDataURLs": [ "https://us4-v20.events.data.microsoft.com/ping" ],
      "AutoIRBlobs": [ 
        "https://automatedirstrfmusmv.blob.core.usgovcloudapi.net	NoPinning",
        "https://automatedirstrfmusmt.blob.core.usgovcloudapi.net	NoPinning" ],
      "MdeConfigMgr": [],
      "SampleUploadBlobs": []
    },
    {
      "Region": "ASM",
      "DatacenterPrefix": "",
      "CnCURLs": [ 
        "https://winatp-gw-asmc.microsoft.com/asm/test", 
        "https://winatp-gw-asmw.microsoft.com/asm/test" ],
      "CyberDataURLs": [],
      "AutoIRBlobs": [],
      "MdeConfigMgr": [],
      "SampleUploadBlobs": []
    },
    {
      "Region": "ALL",
      "CTLDL": [ "http://ctldl.windowsupdate.com/msdownload/update/v3/static/trustedr/en/disallowedcertstl.cab	NoPinning" ],
      "Events": [ "https://events.data.microsoft.com/ping" ],
      "Settings": [ "https://settings-win.data.microsoft.com/qos" ]
    }
  ]